2006/12/25,味噌ラーメン,21
2006/12/25,ラーメン,36
2006/12/25,タンメン,17
2006/12/25,もやしラーメン,14
2006/12/25,五目ラーメン,30
2006/12/25,とんこつラーメン,39
2006/12/25,チャーシューメン,11
2006/12/25,味噌チャーシュー,8
2006/12/25,ねぎラーメン,24
2006/12/25,味噌ねぎラーメン,5
2006/12/25,チャーハン,16
2006/12/25,五目チャーハン,8
2006/12/25,海老チャーハン,3
2006/12/25,中華飯,11
2006/12/25,餃子,56
2006/12/25,野菜餃子,28
2006/12/25,シュウマイ,7
2006/12/25,春巻き,9
2006/12/25,オレンジジュース,4
2006/12/25,ウーロン茶,8
2006/12/25,サイダー,1
2006/12/26,味噌ラーメン,32
2006/12/26,ラーメン,45
2006/12/26,タンメン,11
2006/12/26,もやしラーメン,5
2006/12/26,五目ラーメン,12
2006/12/26,とんこつラーメン,24
2006/12/26,チャーシューメン,28
2006/12/26,味噌チャーシュー,8
2006/12/26,ねぎラーメン,32
2006/12/26,味噌ねぎラーメン,10
2006/12/26,チャーハン,14
2006/12/26,五目チャーハン,5
2006/12/26,海老チャーハン,3
2006/12/26,中華飯,8
2006/12/26,餃子,72
2006/12/26,野菜餃子,11
2006/12/26,シュウマイ,8
2006/12/26,春巻き,3
2006/12/26,オレンジジュース,1
2006/12/26,ウーロン茶,14
2006/12/26,サイダー,2
2006/12/27,味噌ラーメン,12
2006/12/27,ラーメン,29
2006/12/27,タンメン,10
2006/12/27,もやしラーメン,5
2006/12/27,五目ラーメン,38
2006/12/27,とんこつラーメン,16
2006/12/27,チャーシューメン,11
2006/12/27,味噌チャーシュー,6
2006/12/27,ねぎラーメン,18
2006/12/27,味噌ねぎラーメン,5
2006/12/27,チャーハン,13
2006/12/27,五目チャーハン,5
2006/12/27,海老チャーハン,1
2006/12/27,中華飯,8
2006/12/27,餃子,62
2006/12/27,野菜餃子,32
2006/12/27,シュウマイ,3
2006/12/27,春巻き,5
2006/12/27,オレンジジュース,1
2006/12/27,ウーロン茶,4
2006/12/27,サイダー,1
2006/12/28,味噌ラーメン,46
2006/12/28,ラーメン,59
2006/12/28,タンメン,30
2006/12/28,もやしラーメン,21
2006/12/28,五目ラーメン,53
2006/12/28,とんこつラーメン,21
2006/12/28,チャーシューメン,11
2006/12/28,味噌チャーシュー,8
2006/12/28,ねぎラーメン,42
2006/12/28,味噌ねぎラーメン,18
2006/12/28,チャーハン,25
2006/12/28,五目チャーハン,12
2006/12/28,海老チャーハン,8
2006/12/28,中華飯,19
2006/12/28,餃子,70
2006/12/28,野菜餃子,28
2006/12/28,シュウマイ,3
2006/12/28,春巻き,1
2006/12/28,オレンジジュース,9
2006/12/28,ウーロン茶,14
2006/12/28,サイダー,6
2006/12/29,味噌ラーメン,34
2006/12/29,ラーメン,47
2006/12/29,タンメン,11
2006/12/29,もやしラーメン,28
2006/12/29,五目ラーメン,29
2006/12/29,とんこつラーメン,35
2006/12/29,チャーシューメン,17
2006/12/29,味噌チャーシュー,12
2006/12/29,ねぎラーメン,30
2006/12/29,味噌ねぎラーメン,19
2006/12/29,チャーハン,24
2006/12/29,五目チャーハン,12
2006/12/29,海老チャーハン,6
2006/12/29,中華飯,17
2006/12/29,餃子,76
2006/12/29,野菜餃子,31
2006/12/29,シュウマイ,11
2006/12/29,春巻き,8
2006/12/29,オレンジジュース,2
2006/12/29,ウーロン茶,20
2006/12/29,サイダー,5
2006/12/30,味噌ラーメン,31
2006/12/30,ラーメン,43
2006/12/30,タンメン,20
2006/12/30,もやしラーメン,18
2006/12/30,五目ラーメン,19
2006/12/30,とんこつラーメン,42
2006/12/30,チャーシューメン,17
2006/12/30,味噌チャーシュー,21
2006/12/30,ねぎラーメン,18
2006/12/30,味噌ねぎラーメン,18
2006/12/30,チャーハン,31
2006/12/30,五目チャーハン,10
2006/12/30,海老チャーハン,6
2006/12/30,中華飯,15
2006/12/30,餃子,67
2006/12/30,野菜餃子,26
2006/12/30,シュウマイ,8
2006/12/30,春巻き,18
2006/12/30,オレンジジュース,7
2006/12/30,ウーロン茶,11
2006/12/30,サイダー,8
2006/12/31,味噌ラーメン,11
2006/12/31,ラーメン,34
2006/12/31,タンメン,11
2006/12/31,もやしラーメン,8
2006/12/31,五目ラーメン,21
2006/12/31,とんこつラーメン,17
2006/12/31,チャーシューメン,11
2006/12/31,味噌チャーシュー,9
2006/12/31,ねぎラーメン,35
2006/12/31,味噌ねぎラーメン,7
2006/12/31,チャーハン,19
2006/12/31,五目チャーハン,13
2006/12/31,海老チャーハン,4
2006/12/31,中華飯,14
2006/12/31,餃子,21
2006/12/31,野菜餃子,18
2006/12/31,シュウマイ,5
2006/12/31,春巻き,5
2006/12/31,オレンジジュース,1
2006/12/31,ウーロン茶,2
2006/12/31,サイダー,2
